demand_scenario,refining_scenario,product_scenario,demo_cat,demo_group,title,segment,metric,metric_desc,unit_desc,value
BAU,historical exports,,DAC,dac,DAC,health,sum_cost_pv,avoided_health_cost,USD (annual VSL),4397250154.41572
BAU,historical exports,,DAC,dac,DAC,health,sum_cost_2019_pv,avoided_health_cost,USD (2019 VSL),4029082183.86201
BAU,historical exports,,DAC,non_dac,Non-DAC,health,sum_cost_pv,avoided_health_cost,USD (annual VSL),5457231516.24656
BAU,historical exports,,DAC,non_dac,Non-DAC,health,sum_cost_2019_pv,avoided_health_cost,USD (2019 VSL),4988195867.00268
BAU,historical exports,,Poverty,total_above_poverty,Above poverty line,health,sum_cost_pv,avoided_health_cost,USD (annual VSL),8331117635.73072
BAU,historical exports,,Poverty,total_above_poverty,Above poverty line,health,sum_cost_2019_pv,avoided_health_cost,USD (2019 VSL),7622762016.43477
BAU,historical exports,,Poverty,total_below_poverty,Below poverty line,health,sum_cost_pv,avoided_health_cost,USD (annual VSL),1523364034.9316
BAU,historical exports,,Poverty,total_below_poverty,Below poverty line,health,sum_cost_2019_pv,avoided_health_cost,USD (2019 VSL),1394516034.42983
BAU,historical exports,,Race,aialnative,American Indian or Alaska Native,health,sum_cost_pv,avoided_health_cost,USD (annual VSL),18555011.8813479
BAU,historical exports,,Race,aialnative,American Indian or Alaska Native,health,sum_cost_2019_pv,avoided_health_cost,USD (2019 VSL),16948871.1234773
BAU,historical exports,,Race,asian,Asian,health,sum_cost_pv,avoided_health_cost,USD (annual VSL),1757612482.54908
BAU,historical exports,,Race,asian,Asian,health,sum_cost_2019_pv,avoided_health_cost,USD (2019 VSL),1607951902.36104
BAU,historical exports,,Race,black,Black,health,sum_cost_pv,avoided_health_cost,USD (annual VSL),947803307.305133
BAU,historical exports,,Race,black,Black,health,sum_cost_2019_pv,avoided_health_cost,USD (2019 VSL),867660674.551609
BAU,historical exports,,Race,hawaiian_pacisl,Hawaiian or Other Pacific Islander,health,sum_cost_pv,avoided_health_cost,USD (annual VSL),36845593.9003034
BAU,historical exports,,Race,hawaiian_pacisl,Hawaiian or Other Pacific Islander,health,sum_cost_2019_pv,avoided_health_cost,USD (2019 VSL),33700092.8533501
BAU,historical exports,,Race,hispanic,Hispanic,health,sum_cost_pv,avoided_health_cost,USD (annual VSL),4542702727.67283
BAU,historical exports,,Race,hispanic,Hispanic,health,sum_cost_2019_pv,avoided_health_cost,USD (2019 VSL),4160478686.21504
BAU,historical exports,,Race,nonh_other,Other (Non-Hispanic),health,sum_cost_pv,avoided_health_cost,USD (annual VSL),44847185.3236298
BAU,historical exports,,Race,nonh_other,Other (Non-Hispanic),health,sum_cost_2019_pv,avoided_health_cost,USD (2019 VSL),41018105.9485666
BAU,historical exports,,Race,nonh_two_or_more,Two or more races (Non-Hispanic),health,sum_cost_pv,avoided_health_cost,USD (annual VSL),246056473.674927
BAU,historical exports,,Race,nonh_two_or_more,Two or more races (Non-Hispanic),health,sum_cost_2019_pv,avoided_health_cost,USD (2019 VSL),224834730.23983
BAU,historical exports,,Race,white,white,health,sum_cost_pv,avoided_health_cost,USD (annual VSL),2260058888.35528
BAU,historical exports,,Race,white,white,health,sum_cost_2019_pv,avoided_health_cost,USD (2019 VSL),2064684987.57171
BAU,historical production,,DAC,dac,DAC,health,sum_cost_pv,avoided_health_cost,USD (annual VSL),0
BAU,historical production,,DAC,dac,DAC,health,sum_cost_2019_pv,avoided_health_cost,USD (2019 VSL),0
BAU,historical production,,DAC,non_dac,Non-DAC,health,sum_cost_pv,avoided_health_cost,USD (annual VSL),0
BAU,historical production,,DAC,non_dac,Non-DAC,health,sum_cost_2019_pv,avoided_health_cost,USD (2019 VSL),0
BAU,historical production,,Poverty,total_above_poverty,Above poverty line,health,sum_cost_pv,avoided_health_cost,USD (annual VSL),0
BAU,historical production,,Poverty,total_above_poverty,Above poverty line,health,sum_cost_2019_pv,avoided_health_cost,USD (2019 VSL),0
BAU,historical production,,Poverty,total_below_poverty,Below poverty line,health,sum_cost_pv,avoided_health_cost,USD (annual VSL),0
BAU,historical production,,Poverty,total_below_poverty,Below poverty line,health,sum_cost_2019_pv,avoided_health_cost,USD (2019 VSL),0
BAU,historical production,,Race,aialnative,American Indian or Alaska Native,health,sum_cost_pv,avoided_health_cost,USD (annual VSL),0
BAU,historical production,,Race,aialnative,American Indian or Alaska Native,health,sum_cost_2019_pv,avoided_health_cost,USD (2019 VSL),0
BAU,historical production,,Race,asian,Asian,health,sum_cost_pv,avoided_health_cost,USD (annual VSL),0
BAU,historical production,,Race,asian,Asian,health,sum_cost_2019_pv,avoided_health_cost,USD (2019 VSL),0
BAU,historical production,,Race,black,Black,health,sum_cost_pv,avoided_health_cost,USD (annual VSL),0
BAU,historical production,,Race,black,Black,health,sum_cost_2019_pv,avoided_health_cost,USD (2019 VSL),0
BAU,historical production,,Race,hawaiian_pacisl,Hawaiian or Other Pacific Islander,health,sum_cost_pv,avoided_health_cost,USD (annual VSL),0
BAU,historical production,,Race,hawaiian_pacisl,Hawaiian or Other Pacific Islander,health,sum_cost_2019_pv,avoided_health_cost,USD (2019 VSL),0
BAU,historical production,,Race,hispanic,Hispanic,health,sum_cost_pv,avoided_health_cost,USD (annual VSL),0
BAU,historical production,,Race,hispanic,Hispanic,health,sum_cost_2019_pv,avoided_health_cost,USD (2019 VSL),0
BAU,historical production,,Race,nonh_other,Other (Non-Hispanic),health,sum_cost_pv,avoided_health_cost,USD (annual VSL),0
BAU,historical production,,Race,nonh_other,Other (Non-Hispanic),health,sum_cost_2019_pv,avoided_health_cost,USD (2019 VSL),0
BAU,historical production,,Race,nonh_two_or_more,Two or more races (Non-Hispanic),health,sum_cost_pv,avoided_health_cost,USD (annual VSL),0
BAU,historical production,,Race,nonh_two_or_more,Two or more races (Non-Hispanic),health,sum_cost_2019_pv,avoided_health_cost,USD (2019 VSL),0
BAU,historical production,,Race,white,white,health,sum_cost_pv,avoided_health_cost,USD (annual VSL),0
BAU,historical production,,Race,white,white,health,sum_cost_2019_pv,avoided_health_cost,USD (2019 VSL),0
BAU,low exports,,DAC,dac,DAC,health,sum_cost_pv,avoided_health_cost,USD (annual VSL),5983089755.85332
BAU,low exports,,DAC,dac,DAC,health,sum_cost_2019_pv,avoided_health_cost,USD (2019 VSL),5483021213.23529
BAU,low exports,,DAC,non_dac,Non-DAC,health,sum_cost_pv,avoided_health_cost,USD (annual VSL),8527507398.88284
BAU,low exports,,DAC,non_dac,Non-DAC,health,sum_cost_2019_pv,avoided_health_cost,USD (2019 VSL),7787008597.29787
BAU,low exports,,Poverty,total_above_poverty,Above poverty line,health,sum_cost_pv,avoided_health_cost,USD (annual VSL),12313805264.951
BAU,low exports,,Poverty,total_above_poverty,Above poverty line,health,sum_cost_2019_pv,avoided_health_cost,USD (2019 VSL),11259219179.8316
BAU,low exports,,Poverty,total_below_poverty,Below poverty line,health,sum_cost_pv,avoided_health_cost,USD (annual VSL),2196791889.78477
BAU,low exports,,Poverty,total_below_poverty,Below poverty line,health,sum_cost_2019_pv,avoided_health_cost,USD (2019 VSL),2010810630.70176
BAU,low exports,,Race,aialnative,American Indian or Alaska Native,health,sum_cost_pv,avoided_health_cost,USD (annual VSL),30532443.8623822
BAU,low exports,,Race,aialnative,American Indian or Alaska Native,health,sum_cost_2019_pv,avoided_health_cost,USD (2019 VSL),27879509.3739956
BAU,low exports,,Race,asian,Asian,health,sum_cost_pv,avoided_health_cost,USD (annual VSL),2586968863.15424
BAU,low exports,,Race,asian,Asian,health,sum_cost_2019_pv,avoided_health_cost,USD (2019 VSL),2364084395.36572
BAU,low exports,,Race,black,Black,health,sum_cost_pv,avoided_health_cost,USD (annual VSL),1335882948.3463
BAU,low exports,,Race,black,Black,health,sum_cost_2019_pv,avoided_health_cost,USD (2019 VSL),1223713002.20515
BAU,low exports,,Race,hawaiian_pacisl,Hawaiian or Other Pacific Islander,health,sum_cost_pv,avoided_health_cost,USD (annual VSL),57691067.5337648
BAU,low exports,,Race,hawaiian_pacisl,Hawaiian or Other Pacific Islander,health,sum_cost_2019_pv,avoided_health_cost,USD (2019 VSL),52701599.8834874
BAU,low exports,,Race,hispanic,Hispanic,health,sum_cost_pv,avoided_health_cost,USD (annual VSL),6380762660.08426
BAU,low exports,,Race,hispanic,Hispanic,health,sum_cost_2019_pv,avoided_health_cost,USD (2019 VSL),5842270973.4895
BAU,low exports,,Race,nonh_other,Other (Non-Hispanic),health,sum_cost_pv,avoided_health_cost,USD (annual VSL),68793221.7090059
BAU,low exports,,Race,nonh_other,Other (Non-Hispanic),health,sum_cost_2019_pv,avoided_health_cost,USD (2019 VSL),62886840.4065015
BAU,low exports,,Race,nonh_two_or_more,Two or more races (Non-Hispanic),health,sum_cost_pv,avoided_health_cost,USD (annual VSL),394939489.473718
BAU,low exports,,Race,nonh_two_or_more,Two or more races (Non-Hispanic),health,sum_cost_2019_pv,avoided_health_cost,USD (2019 VSL),360662694.532402
BAU,low exports,,Race,white,white,health,sum_cost_pv,avoided_health_cost,USD (annual VSL),3655026460.57252
BAU,low exports,,Race,white,white,health,sum_cost_2019_pv,avoided_health_cost,USD (2019 VSL),3335830795.27642
LC1,historical exports,,DAC,dac,DAC,health,sum_cost_pv,avoided_health_cost,USD (annual VSL),7607112272.97712
LC1,historical exports,,DAC,dac,DAC,health,sum_cost_2019_pv,avoided_health_cost,USD (2019 VSL),6896033773.33401
LC1,historical exports,,DAC,non_dac,Non-DAC,health,sum_cost_pv,avoided_health_cost,USD (annual VSL),10978039603.0451
LC1,historical exports,,DAC,non_dac,Non-DAC,health,sum_cost_2019_pv,avoided_health_cost,USD (2019 VSL),9929835050.18929
LC1,historical exports,,Poverty,total_above_poverty,Above poverty line,health,sum_cost_pv,avoided_health_cost,USD (annual VSL),15750867789.8585
LC1,historical exports,,Poverty,total_above_poverty,Above poverty line,health,sum_cost_2019_pv,avoided_health_cost,USD (2019 VSL),14260044576.6366
LC1,historical exports,,Poverty,total_below_poverty,Below poverty line,health,sum_cost_pv,avoided_health_cost,USD (annual VSL),2834284086.16322
LC1,historical exports,,Poverty,total_below_poverty,Below poverty line,health,sum_cost_2019_pv,avoided_health_cost,USD (2019 VSL),2565824246.88666
LC1,historical exports,,Race,aialnative,American Indian or Alaska Native,health,sum_cost_pv,avoided_health_cost,USD (annual VSL),40328743.4215959
LC1,historical exports,,Race,aialnative,American Indian or Alaska Native,health,sum_cost_2019_pv,avoided_health_cost,USD (2019 VSL),36434573.8677676
LC1,historical exports,,Race,asian,Asian,health,sum_cost_pv,avoided_health_cost,USD (annual VSL),3287783558.05501
LC1,historical exports,,Race,asian,Asian,health,sum_cost_2019_pv,avoided_health_cost,USD (2019 VSL),2977556348.35683
LC1,historical exports,,Race,black,Black,health,sum_cost_pv,avoided_health_cost,USD (annual VSL),1712410439.47943
LC1,historical exports,,Race,black,Black,health,sum_cost_2019_pv,avoided_health_cost,USD (2019 VSL),1550289161.05349
LC1,historical exports,,Race,hawaiian_pacisl,Hawaiian or Other Pacific Islander,health,sum_cost_pv,avoided_health_cost,USD (annual VSL),74015268.0711959
LC1,historical exports,,Race,hawaiian_pacisl,Hawaiian or Other Pacific Islander,health,sum_cost_2019_pv,avoided_health_cost,USD (2019 VSL),67004920.6178563
LC1,historical exports,,Race,hispanic,Hispanic,health,sum_cost_pv,avoided_health_cost,USD (annual VSL),8120164355.54375
LC1,historical exports,,Race,hispanic,Hispanic,health,sum_cost_2019_pv,avoided_health_cost,USD (2019 VSL),7358631183.34987
LC1,historical exports,,Race,nonh_other,Other (Non-Hispanic),health,sum_cost_pv,avoided_health_cost,USD (annual VSL),88907529.1141438
LC1,historical exports,,Race,nonh_other,Other (Non-Hispanic),health,sum_cost_2019_pv,avoided_health_cost,USD (2019 VSL),80422317.7171423
LC1,historical exports,,Race,nonh_two_or_more,Two or more races (Non-Hispanic),health,sum_cost_pv,avoided_health_cost,USD (annual VSL),513360811.466402
LC1,historical exports,,Race,nonh_two_or_more,Two or more races (Non-Hispanic),health,sum_cost_2019_pv,avoided_health_cost,USD (2019 VSL),464030186.698361
LC1,historical exports,,Race,white,white,health,sum_cost_pv,avoided_health_cost,USD (annual VSL),4748181170.87044
LC1,historical exports,,Race,white,white,health,sum_cost_2019_pv,avoided_health_cost,USD (2019 VSL),4291500131.86211
LC1,historical production,,DAC,dac,DAC,health,sum_cost_pv,avoided_health_cost,USD (annual VSL),-23432235.4083124
LC1,historical production,,DAC,dac,DAC,health,sum_cost_2019_pv,avoided_health_cost,USD (2019 VSL),-20753973.7152116
LC1,historical production,,DAC,non_dac,Non-DAC,health,sum_cost_pv,avoided_health_cost,USD (annual VSL),-37278600.1394518
LC1,historical production,,DAC,non_dac,Non-DAC,health,sum_cost_2019_pv,avoided_health_cost,USD (2019 VSL),-32747745.8075769
LC1,historical production,,Poverty,total_above_poverty,Above poverty line,health,sum_cost_pv,avoided_health_cost,USD (annual VSL),-51351198.7463589
LC1,historical production,,Poverty,total_above_poverty,Above poverty line,health,sum_cost_2019_pv,avoided_health_cost,USD (2019 VSL),-45235115.7472252
LC1,historical production,,Poverty,total_below_poverty,Below poverty line,health,sum_cost_pv,avoided_health_cost,USD (annual VSL),-9359636.80140641
LC1,historical production,,Poverty,total_below_poverty,Below poverty line,health,sum_cost_2019_pv,avoided_health_cost,USD (2019 VSL),-8266603.77556274
LC1,historical production,,Race,aialnative,American Indian or Alaska Native,health,sum_cost_pv,avoided_health_cost,USD (annual VSL),-152796.995694706
LC1,historical production,,Race,aialnative,American Indian or Alaska Native,health,sum_cost_2019_pv,avoided_health_cost,USD (2019 VSL),-134124.53703527
LC1,historical production,,Race,asian,Asian,health,sum_cost_pv,avoided_health_cost,USD (annual VSL),-10493022.875814
LC1,historical production,,Race,asian,Asian,health,sum_cost_2019_pv,avoided_health_cost,USD (2019 VSL),-9262172.20117411
LC1,historical production,,Race,black,Black,health,sum_cost_pv,avoided_health_cost,USD (annual VSL),-5551474.86522405
LC1,historical production,,Race,black,Black,health,sum_cost_2019_pv,avoided_health_cost,USD (2019 VSL),-4883199.7586491
LC1,historical production,,Race,hawaiian_pacisl,Hawaiian or Other Pacific Islander,health,sum_cost_pv,avoided_health_cost,USD (annual VSL),-251913.840319821
LC1,historical production,,Race,hawaiian_pacisl,Hawaiian or Other Pacific Islander,health,sum_cost_2019_pv,avoided_health_cost,USD (2019 VSL),-221287.27746213
LC1,historical production,,Race,hispanic,Hispanic,health,sum_cost_pv,avoided_health_cost,USD (annual VSL),-25736080.2928222
LC1,historical production,,Race,hispanic,Hispanic,health,sum_cost_2019_pv,avoided_health_cost,USD (2019 VSL),-22782634.4043384
LC1,historical production,,Race,nonh_other,Other (Non-Hispanic),health,sum_cost_pv,avoided_health_cost,USD (annual VSL),-287661.632469443
LC1,historical production,,Race,nonh_other,Other (Non-Hispanic),health,sum_cost_2019_pv,avoided_health_cost,USD (2019 VSL),-250597.389629656
LC1,historical production,,Race,nonh_two_or_more,Two or more races (Non-Hispanic),health,sum_cost_pv,avoided_health_cost,USD (annual VSL),-1802066.09906801
LC1,historical production,,Race,nonh_two_or_more,Two or more races (Non-Hispanic),health,sum_cost_2019_pv,avoided_health_cost,USD (2019 VSL),-1576335.44167897
LC1,historical production,,Race,white,white,health,sum_cost_pv,avoided_health_cost,USD (annual VSL),-16435818.9463526
LC1,historical production,,Race,white,white,health,sum_cost_2019_pv,avoided_health_cost,USD (2019 VSL),-14391368.5128211
LC1,low exports,,DAC,dac,DAC,health,sum_cost_pv,avoided_health_cost,USD (annual VSL),9540403455.38729
LC1,low exports,,DAC,dac,DAC,health,sum_cost_2019_pv,avoided_health_cost,USD (2019 VSL),8655713744.6763
LC1,low exports,,DAC,non_dac,Non-DAC,health,sum_cost_pv,avoided_health_cost,USD (annual VSL),13656126843.338
LC1,low exports,,DAC,non_dac,Non-DAC,health,sum_cost_2019_pv,avoided_health_cost,USD (2019 VSL),12382423315.1441
LC1,low exports,,Poverty,total_above_poverty,Above poverty line,health,sum_cost_pv,avoided_health_cost,USD (annual VSL),19601015863.5591
LC1,low exports,,Poverty,total_above_poverty,Above poverty line,health,sum_cost_2019_pv,avoided_health_cost,USD (2019 VSL),17778817964.254
LC1,low exports,,Poverty,total_below_poverty,Below poverty line,health,sum_cost_pv,avoided_health_cost,USD (annual VSL),3595514435.16528
LC1,low exports,,Poverty,total_below_poverty,Below poverty line,health,sum_cost_2019_pv,avoided_health_cost,USD (2019 VSL),3259319095.56624
LC1,low exports,,Race,aialnative,American Indian or Alaska Native,health,sum_cost_pv,avoided_health_cost,USD (annual VSL),51266800.6397824
LC1,low exports,,Race,aialnative,American Indian or Alaska Native,health,sum_cost_2019_pv,avoided_health_cost,USD (2019 VSL),46446868.2111882
LC1,low exports,,Race,asian,Asian,health,sum_cost_pv,avoided_health_cost,USD (annual VSL),3997903926.20146
LC1,low exports,,Race,asian,Asian,health,sum_cost_2019_pv,avoided_health_cost,USD (2019 VSL),3628728910.39221
LC1,low exports,,Race,black,Black,health,sum_cost_pv,avoided_health_cost,USD (annual VSL),2215400441.99614
LC1,low exports,,Race,black,Black,health,sum_cost_2019_pv,avoided_health_cost,USD (2019 VSL),2007225958.31998
LC1,low exports,,Race,hawaiian_pacisl,Hawaiian or Other Pacific Islander,health,sum_cost_pv,avoided_health_cost,USD (annual VSL),90332928.3567522
LC1,low exports,,Race,hawaiian_pacisl,Hawaiian or Other Pacific Islander,health,sum_cost_2019_pv,avoided_health_cost,USD (2019 VSL),82017260.1045675
LC1,low exports,,Race,hispanic,Hispanic,health,sum_cost_pv,avoided_health_cost,USD (annual VSL),10091022133.6943
LC1,low exports,,Race,hispanic,Hispanic,health,sum_cost_2019_pv,avoided_health_cost,USD (2019 VSL),9157093104.07158
LC1,low exports,,Race,nonh_other,Other (Non-Hispanic),health,sum_cost_pv,avoided_health_cost,USD (annual VSL),112887704.334644
LC1,low exports,,Race,nonh_other,Other (Non-Hispanic),health,sum_cost_2019_pv,avoided_health_cost,USD (2019 VSL),102316041.810558
LC1,low exports,,Race,nonh_two_or_more,Two or more races (Non-Hispanic),health,sum_cost_pv,avoided_health_cost,USD (annual VSL),651398960.536311
LC1,low exports,,Race,nonh_two_or_more,Two or more races (Non-Hispanic),health,sum_cost_2019_pv,avoided_health_cost,USD (2019 VSL),590245333.481153
LC1,low exports,,Race,white,white,health,sum_cost_pv,avoided_health_cost,USD (annual VSL),5986317402.96596
LC1,low exports,,Race,white,white,health,sum_cost_2019_pv,avoided_health_cost,USD (2019 VSL),5424063583.42908
BAU,historical exports,2020 prices,DAC,dac,DAC,labor,forgone_wages_h,forgone_wages,USD,-716494145.809671
BAU,historical exports,2020 prices,DAC,dac,DAC,labor,forgone_wages_l,forgone_wages,USD,-47982996.633046
BAU,historical exports,changing prices,DAC,dac,DAC,labor,forgone_wages_h,forgone_wages,USD,-913351700.081829
BAU,historical exports,changing prices,DAC,dac,DAC,labor,forgone_wages_l,forgone_wages,USD,-66974156.8208188
BAU,historical exports,2020 prices,DAC,non_dac,Non-DAC,labor,forgone_wages_h,forgone_wages,USD,-1501803919.57681
BAU,historical exports,2020 prices,DAC,non_dac,Non-DAC,labor,forgone_wages_l,forgone_wages,USD,-108784339.904931
BAU,historical exports,changing prices,DAC,non_dac,Non-DAC,labor,forgone_wages_h,forgone_wages,USD,-1928044269.18082
BAU,historical exports,changing prices,DAC,non_dac,Non-DAC,labor,forgone_wages_l,forgone_wages,USD,-153265439.436325
BAU,historical exports,2020 prices,Poverty,total_above_poverty,Above poverty line,labor,forgone_wages_h,forgone_wages,USD,-1914705460.49332
BAU,historical exports,2020 prices,Poverty,total_above_poverty,Above poverty line,labor,forgone_wages_l,forgone_wages,USD,-135559457.720864
BAU,historical exports,changing prices,Poverty,total_above_poverty,Above poverty line,labor,forgone_wages_h,forgone_wages,USD,-2453068291.01497
BAU,historical exports,changing prices,Poverty,total_above_poverty,Above poverty line,labor,forgone_wages_l,forgone_wages,USD,-190485628.460735
BAU,historical exports,2020 prices,Poverty,total_below_poverty,Below poverty line,labor,forgone_wages_h,forgone_wages,USD,-303592604.893173
BAU,historical exports,2020 prices,Poverty,total_below_poverty,Below poverty line,labor,forgone_wages_l,forgone_wages,USD,-21207878.8170957
BAU,historical exports,changing prices,Poverty,total_below_poverty,Below poverty line,labor,forgone_wages_h,forgone_wages,USD,-388327678.247593
BAU,historical exports,changing prices,Poverty,total_below_poverty,Below poverty line,labor,forgone_wages_l,forgone_wages,USD,-29753967.7963895
BAU,historical exports,2020 prices,Race,aialnative,American Indian or Alaska Native,labor,forgone_wages_h,forgone_wages,USD,-5041224.23192954
BAU,historical exports,2020 prices,Race,aialnative,American Indian or Alaska Native,labor,forgone_wages_l,forgone_wages,USD,-374065.776469192
BAU,historical exports,changing prices,Race,aialnative,American Indian or Alaska Native,labor,forgone_wages_h,forgone_wages,USD,-6482895.96067098
BAU,historical exports,changing prices,Race,aialnative,American Indian or Alaska Native,labor,forgone_wages_l,forgone_wages,USD,-528521.879385757
BAU,historical exports,2020 prices,Race,asian,Asian,labor,forgone_wages_h,forgone_wages,USD,-380963803.477945
BAU,historical exports,2020 prices,Race,asian,Asian,labor,forgone_wages_l,forgone_wages,USD,-26901096.4888024
BAU,historical exports,changing prices,Race,asian,Asian,labor,forgone_wages_h,forgone_wages,USD,-487897622.900338
BAU,historical exports,changing prices,Race,asian,Asian,labor,forgone_wages_l,forgone_wages,USD,-37755830.0154701
BAU,historical exports,2020 prices,Race,black,Black,labor,forgone_wages_h,forgone_wages,USD,-153222999.818034
BAU,historical exports,2020 prices,Race,black,Black,labor,forgone_wages_l,forgone_wages,USD,-11067158.3848327
BAU,historical exports,changing prices,Race,black,Black,labor,forgone_wages_h,forgone_wages,USD,-196572414.737901
BAU,historical exports,changing prices,Race,black,Black,labor,forgone_wages_l,forgone_wages,USD,-15564103.3281592
BAU,historical exports,2020 prices,Race,hawaiian_pacisl,Hawaiian or Other Pacific Islander,labor,forgone_wages_h,forgone_wages,USD,-9616533.32922156
BAU,historical exports,2020 prices,Race,hawaiian_pacisl,Hawaiian or Other Pacific Islander,labor,forgone_wages_l,forgone_wages,USD,-701689.852527433
BAU,historical exports,changing prices,Race,hawaiian_pacisl,Hawaiian or Other Pacific Islander,labor,forgone_wages_h,forgone_wages,USD,-12354144.4983855
BAU,historical exports,changing prices,Race,hawaiian_pacisl,Hawaiian or Other Pacific Islander,labor,forgone_wages_l,forgone_wages,USD,-987920.688048421
BAU,historical exports,2020 prices,Race,hispanic,Hispanic,labor,forgone_wages_h,forgone_wages,USD,-911054524.173886
BAU,historical exports,2020 prices,Race,hispanic,Hispanic,labor,forgone_wages_l,forgone_wages,USD,-62479005.1728507
BAU,historical exports,changing prices,Race,hispanic,Hispanic,labor,forgone_wages_h,forgone_wages,USD,-1164143748.16846
BAU,historical exports,changing prices,Race,hispanic,Hispanic,labor,forgone_wages_l,forgone_wages,USD,-87547833.2470224
BAU,historical exports,2020 prices,Race,nonh_other,Other (Non-Hispanic),labor,forgone_wages_h,forgone_wages,USD,-10942258.0839609
BAU,historical exports,2020 prices,Race,nonh_other,Other (Non-Hispanic),labor,forgone_wages_l,forgone_wages,USD,-788224.570928204
BAU,historical exports,changing prices,Race,nonh_other,Other (Non-Hispanic),labor,forgone_wages_h,forgone_wages,USD,-14030759.8867944
BAU,historical exports,changing prices,Race,nonh_other,Other (Non-Hispanic),labor,forgone_wages_l,forgone_wages,USD,-1108851.08273774
BAU,historical exports,2020 prices,Race,nonh_two_or_more,Two or more races (Non-Hispanic),labor,forgone_wages_h,forgone_wages,USD,-67276267.9033327
BAU,historical exports,2020 prices,Race,nonh_two_or_more,Two or more races (Non-Hispanic),labor,forgone_wages_l,forgone_wages,USD,-4995871.12894765
BAU,historical exports,changing prices,Race,nonh_two_or_more,Two or more races (Non-Hispanic),labor,forgone_wages_h,forgone_wages,USD,-86541067.4513251
BAU,historical exports,changing prices,Race,nonh_two_or_more,Two or more races (Non-Hispanic),labor,forgone_wages_l,forgone_wages,USD,-7049447.33588029
BAU,historical exports,2020 prices,Race,white,white,labor,forgone_wages_h,forgone_wages,USD,-680180454.368187
BAU,historical exports,2020 prices,Race,white,white,labor,forgone_wages_l,forgone_wages,USD,-49460225.1625996
BAU,historical exports,changing prices,Race,white,white,labor,forgone_wages_h,forgone_wages,USD,-873373315.65868
BAU,historical exports,changing prices,Race,white,white,labor,forgone_wages_l,forgone_wages,USD,-69697088.6804196
BAU,historical production,2020 prices,DAC,dac,DAC,labor,forgone_wages_h,forgone_wages,USD,0
BAU,historical production,2020 prices,DAC,dac,DAC,labor,forgone_wages_l,forgone_wages,USD,0
BAU,historical production,changing prices,DAC,dac,DAC,labor,forgone_wages_h,forgone_wages,USD,0
BAU,historical production,changing prices,DAC,dac,DAC,labor,forgone_wages_l,forgone_wages,USD,0
BAU,historical production,2020 prices,DAC,non_dac,Non-DAC,labor,forgone_wages_h,forgone_wages,USD,0
BAU,historical production,2020 prices,DAC,non_dac,Non-DAC,labor,forgone_wages_l,forgone_wages,USD,0
BAU,historical production,changing prices,DAC,non_dac,Non-DAC,labor,forgone_wages_h,forgone_wages,USD,0
BAU,historical production,changing prices,DAC,non_dac,Non-DAC,labor,forgone_wages_l,forgone_wages,USD,0
BAU,historical production,2020 prices,Poverty,total_above_poverty,Above poverty line,labor,forgone_wages_h,forgone_wages,USD,0
BAU,historical production,2020 prices,Poverty,total_above_poverty,Above poverty line,labor,forgone_wages_l,forgone_wages,USD,0
BAU,historical production,changing prices,Poverty,total_above_poverty,Above poverty line,labor,forgone_wages_h,forgone_wages,USD,0
BAU,historical production,changing prices,Poverty,total_above_poverty,Above poverty line,labor,forgone_wages_l,forgone_wages,USD,0
BAU,historical production,2020 prices,Poverty,total_below_poverty,Below poverty line,labor,forgone_wages_h,forgone_wages,USD,0
BAU,historical production,2020 prices,Poverty,total_below_poverty,Below poverty line,labor,forgone_wages_l,forgone_wages,USD,0
BAU,historical production,changing prices,Poverty,total_below_poverty,Below poverty line,labor,forgone_wages_h,forgone_wages,USD,0
BAU,historical production,changing prices,Poverty,total_below_poverty,Below poverty line,labor,forgone_wages_l,forgone_wages,USD,0
BAU,historical production,2020 prices,Race,aialnative,American Indian or Alaska Native,labor,forgone_wages_h,forgone_wages,USD,0
BAU,historical production,2020 prices,Race,aialnative,American Indian or Alaska Native,labor,forgone_wages_l,forgone_wages,USD,0
BAU,historical production,changing prices,Race,aialnative,American Indian or Alaska Native,labor,forgone_wages_h,forgone_wages,USD,0
BAU,historical production,changing prices,Race,aialnative,American Indian or Alaska Native,labor,forgone_wages_l,forgone_wages,USD,0
BAU,historical production,2020 prices,Race,asian,Asian,labor,forgone_wages_h,forgone_wages,USD,0
BAU,historical production,2020 prices,Race,asian,Asian,labor,forgone_wages_l,forgone_wages,USD,0
BAU,historical production,changing prices,Race,asian,Asian,labor,forgone_wages_h,forgone_wages,USD,0
BAU,historical production,changing prices,Race,asian,Asian,labor,forgone_wages_l,forgone_wages,USD,0
BAU,historical production,2020 prices,Race,black,Black,labor,forgone_wages_h,forgone_wages,USD,0
BAU,historical production,2020 prices,Race,black,Black,labor,forgone_wages_l,forgone_wages,USD,0
BAU,historical production,changing prices,Race,black,Black,labor,forgone_wages_h,forgone_wages,USD,0
BAU,historical production,changing prices,Race,black,Black,labor,forgone_wages_l,forgone_wages,USD,0
BAU,historical production,2020 prices,Race,hawaiian_pacisl,Hawaiian or Other Pacific Islander,labor,forgone_wages_h,forgone_wages,USD,0
BAU,historical production,2020 prices,Race,hawaiian_pacisl,Hawaiian or Other Pacific Islander,labor,forgone_wages_l,forgone_wages,USD,0
BAU,historical production,changing prices,Race,hawaiian_pacisl,Hawaiian or Other Pacific Islander,labor,forgone_wages_h,forgone_wages,USD,0
BAU,historical production,changing prices,Race,hawaiian_pacisl,Hawaiian or Other Pacific Islander,labor,forgone_wages_l,forgone_wages,USD,0
BAU,historical production,2020 prices,Race,hispanic,Hispanic,labor,forgone_wages_h,forgone_wages,USD,0
BAU,historical production,2020 prices,Race,hispanic,Hispanic,labor,forgone_wages_l,forgone_wages,USD,0
BAU,historical production,changing prices,Race,hispanic,Hispanic,labor,forgone_wages_h,forgone_wages,USD,0
BAU,historical production,changing prices,Race,hispanic,Hispanic,labor,forgone_wages_l,forgone_wages,USD,0
BAU,historical production,2020 prices,Race,nonh_other,Other (Non-Hispanic),labor,forgone_wages_h,forgone_wages,USD,0
BAU,historical production,2020 prices,Race,nonh_other,Other (Non-Hispanic),labor,forgone_wages_l,forgone_wages,USD,0
BAU,historical production,changing prices,Race,nonh_other,Other (Non-Hispanic),labor,forgone_wages_h,forgone_wages,USD,0
BAU,historical production,changing prices,Race,nonh_other,Other (Non-Hispanic),labor,forgone_wages_l,forgone_wages,USD,0
BAU,historical production,2020 prices,Race,nonh_two_or_more,Two or more races (Non-Hispanic),labor,forgone_wages_h,forgone_wages,USD,0
BAU,historical production,2020 prices,Race,nonh_two_or_more,Two or more races (Non-Hispanic),labor,forgone_wages_l,forgone_wages,USD,0
BAU,historical production,changing prices,Race,nonh_two_or_more,Two or more races (Non-Hispanic),labor,forgone_wages_h,forgone_wages,USD,0
BAU,historical production,changing prices,Race,nonh_two_or_more,Two or more races (Non-Hispanic),labor,forgone_wages_l,forgone_wages,USD,0
BAU,historical production,2020 prices,Race,white,white,labor,forgone_wages_h,forgone_wages,USD,0
BAU,historical production,2020 prices,Race,white,white,labor,forgone_wages_l,forgone_wages,USD,0
BAU,historical production,changing prices,Race,white,white,labor,forgone_wages_h,forgone_wages,USD,0
BAU,historical production,changing prices,Race,white,white,labor,forgone_wages_l,forgone_wages,USD,0
BAU,low exports,2020 prices,DAC,dac,DAC,labor,forgone_wages_h,forgone_wages,USD,-1030371427.91789
BAU,low exports,2020 prices,DAC,dac,DAC,labor,forgone_wages_l,forgone_wages,USD,-68649703.0403179
BAU,low exports,changing prices,DAC,dac,DAC,labor,forgone_wages_h,forgone_wages,USD,-1317038442.60062
BAU,low exports,changing prices,DAC,dac,DAC,labor,forgone_wages_l,forgone_wages,USD,-96160397.1663873
BAU,low exports,2020 prices,DAC,non_dac,Non-DAC,labor,forgone_wages_h,forgone_wages,USD,-2640751902.89248
BAU,low exports,2020 prices,DAC,non_dac,Non-DAC,labor,forgone_wages_l,forgone_wages,USD,-188151470.344713
BAU,low exports,changing prices,DAC,non_dac,Non-DAC,labor,forgone_wages_h,forgone_wages,USD,-3393920624.92793
BAU,low exports,changing prices,DAC,non_dac,Non-DAC,labor,forgone_wages_l,forgone_wages,USD,-265022155.656909
BAU,low exports,2020 prices,Poverty,total_above_poverty,Above poverty line,labor,forgone_wages_h,forgone_wages,USD,-3181859182.60643
BAU,low exports,2020 prices,Poverty,total_above_poverty,Above poverty line,labor,forgone_wages_l,forgone_wages,USD,-222988765.324285
BAU,low exports,changing prices,Poverty,total_above_poverty,Above poverty line,labor,forgone_wages_h,forgone_wages,USD,-4083592209.6326
BAU,low exports,changing prices,Poverty,total_above_poverty,Above poverty line,labor,forgone_wages_l,forgone_wages,USD,-313637119.521702
BAU,low exports,2020 prices,Poverty,total_below_poverty,Below poverty line,labor,forgone_wages_h,forgone_wages,USD,-489264148.203951
BAU,low exports,2020 prices,Poverty,total_below_poverty,Below poverty line,labor,forgone_wages_l,forgone_wages,USD,-33812408.0607371
BAU,low exports,changing prices,Poverty,total_below_poverty,Below poverty line,labor,forgone_wages_h,forgone_wages,USD,-627366857.895881
BAU,low exports,changing prices,Poverty,total_below_poverty,Below poverty line,labor,forgone_wages_l,forgone_wages,USD,-47545433.3015854
BAU,low exports,2020 prices,Race,aialnative,American Indian or Alaska Native,labor,forgone_wages_h,forgone_wages,USD,-9468501.09765725
BAU,low exports,2020 prices,Race,aialnative,American Indian or Alaska Native,labor,forgone_wages_l,forgone_wages,USD,-679170.883116972
BAU,low exports,changing prices,Race,aialnative,American Indian or Alaska Native,labor,forgone_wages_h,forgone_wages,USD,-12187897.3832224
BAU,low exports,changing prices,Race,aialnative,American Indian or Alaska Native,labor,forgone_wages_l,forgone_wages,USD,-959189.294043286
BAU,low exports,2020 prices,Race,asian,Asian,labor,forgone_wages_h,forgone_wages,USD,-622976776.981317
BAU,low exports,2020 prices,Race,asian,Asian,labor,forgone_wages_l,forgone_wages,USD,-43496392.1964519
BAU,low exports,changing prices,Race,asian,Asian,labor,forgone_wages_h,forgone_wages,USD,-799114833.192384
BAU,low exports,changing prices,Race,asian,Asian,labor,forgone_wages_l,forgone_wages,USD,-61119902.4992124
BAU,low exports,2020 prices,Race,black,Black,labor,forgone_wages_h,forgone_wages,USD,-262611225.95502
BAU,low exports,2020 prices,Race,black,Black,labor,forgone_wages_l,forgone_wages,USD,-18704346.075238
BAU,low exports,changing prices,Race,black,Black,labor,forgone_wages_h,forgone_wages,USD,-337220407.822783
BAU,low exports,changing prices,Race,black,Black,labor,forgone_wages_l,forgone_wages,USD,-26323074.9559189
BAU,low exports,2020 prices,Race,hawaiian_pacisl,Hawaiian or Other Pacific Islander,labor,forgone_wages_h,forgone_wages,USD,-16919879.1042582
BAU,low exports,2020 prices,Race,hawaiian_pacisl,Hawaiian or Other Pacific Islander,labor,forgone_wages_l,forgone_wages,USD,-1224723.33553677
BAU,low exports,changing prices,Race,hawaiian_pacisl,Hawaiian or Other Pacific Islander,labor,forgone_wages_h,forgone_wages,USD,-21747268.6849008
BAU,low exports,changing prices,Race,hawaiian_pacisl,Hawaiian or Other Pacific Islander,labor,forgone_wages_l,forgone_wages,USD,-1725070.36793678
BAU,low exports,2020 prices,Race,hispanic,Hispanic,labor,forgone_wages_h,forgone_wages,USD,-1410384223.83504
BAU,low exports,2020 prices,Race,hispanic,Hispanic,labor,forgone_wages_l,forgone_wages,USD,-96506967.1228555
BAU,low exports,changing prices,Race,hispanic,Hispanic,labor,forgone_wages_h,forgone_wages,USD,-1806831901.52033
BAU,low exports,changing prices,Race,hispanic,Hispanic,labor,forgone_wages_l,forgone_wages,USD,-135536574.036907
BAU,low exports,2020 prices,Race,nonh_other,Other (Non-Hispanic),labor,forgone_wages_h,forgone_wages,USD,-18920291.9498036
BAU,low exports,2020 prices,Race,nonh_other,Other (Non-Hispanic),labor,forgone_wages_l,forgone_wages,USD,-1342281.85744561
BAU,low exports,changing prices,Race,nonh_other,Other (Non-Hispanic),labor,forgone_wages_h,forgone_wages,USD,-24303611.7229156
BAU,low exports,changing prices,Race,nonh_other,Other (Non-Hispanic),labor,forgone_wages_l,forgone_wages,USD,-1889806.13302831
BAU,low exports,2020 prices,Race,nonh_two_or_more,Two or more races (Non-Hispanic),labor,forgone_wages_h,forgone_wages,USD,-123934402.82953
BAU,low exports,2020 prices,Race,nonh_two_or_more,Two or more races (Non-Hispanic),labor,forgone_wages_l,forgone_wages,USD,-8957591.73184627
BAU,low exports,changing prices,Race,nonh_two_or_more,Two or more races (Non-Hispanic),labor,forgone_wages_h,forgone_wages,USD,-159439345.103393
BAU,low exports,changing prices,Race,nonh_two_or_more,Two or more races (Non-Hispanic),labor,forgone_wages_l,forgone_wages,USD,-12628251.8367247
BAU,low exports,2020 prices,Race,white,white,labor,forgone_wages_h,forgone_wages,USD,-1205908029.05775
BAU,low exports,2020 prices,Race,white,white,labor,forgone_wages_l,forgone_wages,USD,-85889700.182533
BAU,low exports,changing prices,Race,white,white,labor,forgone_wages_h,forgone_wages,USD,-1550113802.09854
BAU,low exports,changing prices,Race,white,white,labor,forgone_wages_l,forgone_wages,USD,-121000683.699519
LC1,historical exports,2020 prices,DAC,dac,DAC,labor,forgone_wages_h,forgone_wages,USD,-1302533828.05657
LC1,historical exports,2020 prices,DAC,dac,DAC,labor,forgone_wages_l,forgone_wages,USD,-96179514.9036621
LC1,historical exports,changing prices,DAC,dac,DAC,labor,forgone_wages_h,forgone_wages,USD,-1712245556.28605
LC1,historical exports,changing prices,DAC,dac,DAC,labor,forgone_wages_l,forgone_wages,USD,-137816706.706932
LC1,historical exports,2020 prices,DAC,non_dac,Non-DAC,labor,forgone_wages_h,forgone_wages,USD,-3473504691.10598
LC1,historical exports,2020 prices,DAC,non_dac,Non-DAC,labor,forgone_wages_l,forgone_wages,USD,-292049718.289695
LC1,historical exports,changing prices,DAC,non_dac,Non-DAC,labor,forgone_wages_h,forgone_wages,USD,-4614453461.69047
LC1,historical exports,changing prices,DAC,non_dac,Non-DAC,labor,forgone_wages_l,forgone_wages,USD,-421361985.55245
LC1,historical exports,2020 prices,Poverty,total_above_poverty,Above poverty line,labor,forgone_wages_h,forgone_wages,USD,-4128364258.87493
LC1,historical exports,2020 prices,Poverty,total_above_poverty,Above poverty line,labor,forgone_wages_l,forgone_wages,USD,-337032159.548295
LC1,historical exports,changing prices,Poverty,total_above_poverty,Above poverty line,labor,forgone_wages_h,forgone_wages,USD,-5468715877.06774
LC1,historical exports,changing prices,Poverty,total_above_poverty,Above poverty line,labor,forgone_wages_l,forgone_wages,USD,-485307712.249048
LC1,historical exports,2020 prices,Poverty,total_below_poverty,Below poverty line,labor,forgone_wages_h,forgone_wages,USD,-647674260.287579
LC1,historical exports,2020 prices,Poverty,total_below_poverty,Below poverty line,labor,forgone_wages_l,forgone_wages,USD,-51197073.6450455
LC1,historical exports,changing prices,Poverty,total_below_poverty,Below poverty line,labor,forgone_wages_h,forgone_wages,USD,-857983140.90864
LC1,historical exports,changing prices,Poverty,total_below_poverty,Below poverty line,labor,forgone_wages_l,forgone_wages,USD,-73870980.0103184
LC1,historical exports,2020 prices,Race,aialnative,American Indian or Alaska Native,labor,forgone_wages_h,forgone_wages,USD,-12968707.9562706
LC1,historical exports,2020 prices,Race,aialnative,American Indian or Alaska Native,labor,forgone_wages_l,forgone_wages,USD,-1106136.71297404
LC1,historical exports,changing prices,Race,aialnative,American Indian or Alaska Native,labor,forgone_wages_h,forgone_wages,USD,-17305380.3866969
LC1,historical exports,changing prices,Race,aialnative,American Indian or Alaska Native,labor,forgone_wages_l,forgone_wages,USD,-1603108.87179974
LC1,historical exports,2020 prices,Race,asian,Asian,labor,forgone_wages_h,forgone_wages,USD,-798064547.382449
LC1,historical exports,2020 prices,Race,asian,Asian,labor,forgone_wages_l,forgone_wages,USD,-65204261.3748448
LC1,historical exports,changing prices,Race,asian,Asian,labor,forgone_wages_h,forgone_wages,USD,-1055645679.39551
LC1,historical exports,changing prices,Race,asian,Asian,labor,forgone_wages_l,forgone_wages,USD,-93675457.3997131
LC1,historical exports,2020 prices,Race,black,Black,labor,forgone_wages_h,forgone_wages,USD,-344934629.209059
LC1,historical exports,2020 prices,Race,black,Black,labor,forgone_wages_l,forgone_wages,USD,-28501160.8393191
LC1,historical exports,changing prices,Race,black,Black,labor,forgone_wages_h,forgone_wages,USD,-457679129.007847
LC1,historical exports,changing prices,Race,black,Black,labor,forgone_wages_l,forgone_wages,USD,-41028358.1935941
LC1,historical exports,2020 prices,Race,hawaiian_pacisl,Hawaiian or Other Pacific Islander,labor,forgone_wages_h,forgone_wages,USD,-22120361.4091816
LC1,historical exports,2020 prices,Race,hawaiian_pacisl,Hawaiian or Other Pacific Islander,labor,forgone_wages_l,forgone_wages,USD,-1862679.46293866
LC1,historical exports,changing prices,Race,hawaiian_pacisl,Hawaiian or Other Pacific Islander,labor,forgone_wages_h,forgone_wages,USD,-29369512.819217
LC1,historical exports,changing prices,Race,hawaiian_pacisl,Hawaiian or Other Pacific Islander,labor,forgone_wages_l,forgone_wages,USD,-2677815.07241686
LC1,historical exports,2020 prices,Race,hispanic,Hispanic,labor,forgone_wages_h,forgone_wages,USD,-1820654080.16901
LC1,historical exports,2020 prices,Race,hispanic,Hispanic,labor,forgone_wages_l,forgone_wages,USD,-140778287.81606
LC1,historical exports,changing prices,Race,hispanic,Hispanic,labor,forgone_wages_h,forgone_wages,USD,-2404494116.60185
LC1,historical exports,changing prices,Race,hispanic,Hispanic,labor,forgone_wages_l,forgone_wages,USD,-202554411.430893
LC1,historical exports,2020 prices,Race,nonh_other,Other (Non-Hispanic),labor,forgone_wages_h,forgone_wages,USD,-24965102.2752609
LC1,historical exports,2020 prices,Race,nonh_other,Other (Non-Hispanic),labor,forgone_wages_l,forgone_wages,USD,-2087807.46374852
LC1,historical exports,changing prices,Race,nonh_other,Other (Non-Hispanic),labor,forgone_wages_h,forgone_wages,USD,-33141307.1178233
LC1,historical exports,changing prices,Race,nonh_other,Other (Non-Hispanic),labor,forgone_wages_l,forgone_wages,USD,-3010327.63785286
LC1,historical exports,2020 prices,Race,nonh_two_or_more,Two or more races (Non-Hispanic),labor,forgone_wages_h,forgone_wages,USD,-164840039.762809
LC1,historical exports,2020 prices,Race,nonh_two_or_more,Two or more races (Non-Hispanic),labor,forgone_wages_l,forgone_wages,USD,-14231463.1196152
LC1,historical exports,changing prices,Race,nonh_two_or_more,Two or more races (Non-Hispanic),labor,forgone_wages_h,forgone_wages,USD,-219459539.295015
LC1,historical exports,changing prices,Race,nonh_two_or_more,Two or more races (Non-Hispanic),labor,forgone_wages_l,forgone_wages,USD,-20544007.5671113
LC1,historical exports,2020 prices,Race,white,white,labor,forgone_wages_h,forgone_wages,USD,-1587491050.99847
LC1,historical exports,2020 prices,Race,white,white,labor,forgone_wages_l,forgone_wages,USD,-134457436.403841
LC1,historical exports,changing prices,Race,white,white,labor,forgone_wages_h,forgone_wages,USD,-2109604353.35241
LC1,historical exports,changing prices,Race,white,white,labor,forgone_wages_l,forgone_wages,USD,-194085206.085986
LC1,historical production,2020 prices,DAC,dac,DAC,labor,forgone_wages_h,forgone_wages,USD,-17732493.2926998
LC1,historical production,2020 prices,DAC,dac,DAC,labor,forgone_wages_l,forgone_wages,USD,-1657228.76544169
LC1,historical production,changing prices,DAC,dac,DAC,labor,forgone_wages_h,forgone_wages,USD,-21827359.2757835
LC1,historical production,changing prices,DAC,dac,DAC,labor,forgone_wages_l,forgone_wages,USD,-2169487.10683286
LC1,historical production,2020 prices,DAC,non_dac,Non-DAC,labor,forgone_wages_h,forgone_wages,USD,-51883706.4802647
LC1,historical production,2020 prices,DAC,non_dac,Non-DAC,labor,forgone_wages_l,forgone_wages,USD,-4547493.50280809
LC1,historical production,changing prices,DAC,non_dac,Non-DAC,labor,forgone_wages_h,forgone_wages,USD,-62366997.8849526
LC1,historical production,changing prices,DAC,non_dac,Non-DAC,labor,forgone_wages_l,forgone_wages,USD,-5841721.30605435
LC1,historical production,2020 prices,Poverty,total_above_poverty,Above poverty line,labor,forgone_wages_h,forgone_wages,USD,-60284709.4605141
LC1,historical production,2020 prices,Poverty,total_above_poverty,Above poverty line,labor,forgone_wages_l,forgone_wages,USD,-5383532.54075074
LC1,historical production,changing prices,Poverty,total_above_poverty,Above poverty line,labor,forgone_wages_h,forgone_wages,USD,-72897261.4437866
LC1,historical production,changing prices,Poverty,total_above_poverty,Above poverty line,labor,forgone_wages_l,forgone_wages,USD,-6950434.02472186
LC1,historical production,2020 prices,Poverty,total_below_poverty,Below poverty line,labor,forgone_wages_h,forgone_wages,USD,-9331490.31251764
LC1,historical production,2020 prices,Poverty,total_below_poverty,Below poverty line,labor,forgone_wages_l,forgone_wages,USD,-821189.727485478
LC1,historical production,changing prices,Poverty,total_below_poverty,Below poverty line,labor,forgone_wages_h,forgone_wages,USD,-11297095.7168026
LC1,historical production,changing prices,Poverty,total_below_poverty,Below poverty line,labor,forgone_wages_l,forgone_wages,USD,-1060774.38815096
LC1,historical production,2020 prices,Race,aialnative,American Indian or Alaska Native,labor,forgone_wages_h,forgone_wages,USD,-198981.855032854
LC1,historical production,2020 prices,Race,aialnative,American Indian or Alaska Native,labor,forgone_wages_l,forgone_wages,USD,-16688.5444742949
LC1,historical production,changing prices,Race,aialnative,American Indian or Alaska Native,labor,forgone_wages_h,forgone_wages,USD,-237182.948830605
LC1,historical production,changing prices,Race,aialnative,American Indian or Alaska Native,labor,forgone_wages_l,forgone_wages,USD,-21273.9145125048
LC1,historical production,2020 prices,Race,asian,Asian,labor,forgone_wages_h,forgone_wages,USD,-11879192.2973671
LC1,historical production,2020 prices,Race,asian,Asian,labor,forgone_wages_l,forgone_wages,USD,-1075333.03577176
LC1,historical production,changing prices,Race,asian,Asian,labor,forgone_wages_h,forgone_wages,USD,-14423537.096137
LC1,historical production,changing prices,Race,asian,Asian,labor,forgone_wages_l,forgone_wages,USD,-1393326.66486791
LC1,historical production,2020 prices,Race,black,Black,labor,forgone_wages_h,forgone_wages,USD,-5306705.50327635
LC1,historical production,2020 prices,Race,black,Black,labor,forgone_wages_l,forgone_wages,USD,-469796.701110497
LC1,historical production,changing prices,Race,black,Black,labor,forgone_wages_h,forgone_wages,USD,-6402324.96395445
LC1,historical production,changing prices,Race,black,Black,labor,forgone_wages_l,forgone_wages,USD,-605755.372845784
LC1,historical production,2020 prices,Race,hawaiian_pacisl,Hawaiian or Other Pacific Islander,labor,forgone_wages_h,forgone_wages,USD,-314297.787851885
LC1,historical production,2020 prices,Race,hawaiian_pacisl,Hawaiian or Other Pacific Islander,labor,forgone_wages_l,forgone_wages,USD,-27977.3341988809
LC1,historical production,changing prices,Race,hawaiian_pacisl,Hawaiian or Other Pacific Islander,labor,forgone_wages_h,forgone_wages,USD,-375846.020250619
LC1,historical production,changing prices,Race,hawaiian_pacisl,Hawaiian or Other Pacific Islander,labor,forgone_wages_l,forgone_wages,USD,-35818.0112074595
LC1,historical production,2020 prices,Race,hispanic,Hispanic,labor,forgone_wages_h,forgone_wages,USD,-24732122.6996756
LC1,historical production,2020 prices,Race,hispanic,Hispanic,labor,forgone_wages_l,forgone_wages,USD,-2241681.60803223
LC1,historical production,changing prices,Race,hispanic,Hispanic,labor,forgone_wages_h,forgone_wages,USD,-30087476.5475655
LC1,historical production,changing prices,Race,hispanic,Hispanic,labor,forgone_wages_l,forgone_wages,USD,-2906471.77854049
LC1,historical production,2020 prices,Race,nonh_other,Other (Non-Hispanic),labor,forgone_wages_h,forgone_wages,USD,-391961.950840056
LC1,historical production,2020 prices,Race,nonh_other,Other (Non-Hispanic),labor,forgone_wages_l,forgone_wages,USD,-34274.8718375331
LC1,historical production,changing prices,Race,nonh_other,Other (Non-Hispanic),labor,forgone_wages_h,forgone_wages,USD,-473216.772049069
LC1,historical production,changing prices,Race,nonh_other,Other (Non-Hispanic),labor,forgone_wages_l,forgone_wages,USD,-44207.8714073896
LC1,historical production,2020 prices,Race,nonh_two_or_more,Two or more races (Non-Hispanic),labor,forgone_wages_h,forgone_wages,USD,-2543198.46305478
LC1,historical production,2020 prices,Race,nonh_two_or_more,Two or more races (Non-Hispanic),labor,forgone_wages_l,forgone_wages,USD,-220857.640827067
LC1,historical production,changing prices,Race,nonh_two_or_more,Two or more races (Non-Hispanic),labor,forgone_wages_h,forgone_wages,USD,-3043862.87159228
LC1,historical production,changing prices,Race,nonh_two_or_more,Two or more races (Non-Hispanic),labor,forgone_wages_l,forgone_wages,USD,-282829.549743675
LC1,historical production,2020 prices,Race,white,white,labor,forgone_wages_h,forgone_wages,USD,-24249739.2159195
LC1,historical production,2020 prices,Race,white,white,labor,forgone_wages_l,forgone_wages,USD,-2118112.53198361
LC1,historical production,changing prices,Race,white,white,labor,forgone_wages_h,forgone_wages,USD,-29150909.940197
LC1,historical production,changing prices,Race,white,white,labor,forgone_wages_l,forgone_wages,USD,-2721525.24974799
LC1,low exports,2020 prices,DAC,dac,DAC,labor,forgone_wages_h,forgone_wages,USD,-1610591879.42552
LC1,low exports,2020 prices,DAC,dac,DAC,labor,forgone_wages_l,forgone_wages,USD,-118305348.709302
LC1,low exports,changing prices,DAC,dac,DAC,labor,forgone_wages_h,forgone_wages,USD,-2106433454.81352
LC1,low exports,changing prices,DAC,dac,DAC,labor,forgone_wages_l,forgone_wages,USD,-169884549.989194
LC1,low exports,2020 prices,DAC,non_dac,Non-DAC,labor,forgone_wages_h,forgone_wages,USD,-4617334105.96207
LC1,low exports,2020 prices,DAC,non_dac,Non-DAC,labor,forgone_wages_l,forgone_wages,USD,-369196427.800807
LC1,low exports,changing prices,DAC,non_dac,Non-DAC,labor,forgone_wages_h,forgone_wages,USD,-6088559883.83178
LC1,low exports,changing prices,DAC,non_dac,Non-DAC,labor,forgone_wages_l,forgone_wages,USD,-532140408.928622
LC1,low exports,2020 prices,Poverty,total_above_poverty,Above poverty line,labor,forgone_wages_h,forgone_wages,USD,-5389903539.68802
LC1,low exports,2020 prices,Poverty,total_above_poverty,Above poverty line,labor,forgone_wages_l,forgone_wages,USD,-423688959.513051
LC1,low exports,changing prices,Poverty,total_above_poverty,Above poverty line,labor,forgone_wages_h,forgone_wages,USD,-7092130041.57163
LC1,low exports,changing prices,Poverty,total_above_poverty,Above poverty line,labor,forgone_wages_l,forgone_wages,USD,-609926299.012352
LC1,low exports,2020 prices,Poverty,total_below_poverty,Below poverty line,labor,forgone_wages_h,forgone_wages,USD,-838022445.699588
LC1,low exports,2020 prices,Poverty,total_below_poverty,Below poverty line,labor,forgone_wages_l,forgone_wages,USD,-63812816.9970581
LC1,low exports,changing prices,Poverty,total_below_poverty,Below poverty line,labor,forgone_wages_h,forgone_wages,USD,-1102863297.07363
LC1,low exports,changing prices,Poverty,total_below_poverty,Below poverty line,labor,forgone_wages_l,forgone_wages,USD,-92098659.9054647
LC1,low exports,2020 prices,Race,aialnative,American Indian or Alaska Native,labor,forgone_wages_h,forgone_wages,USD,-17530123.4778473
LC1,low exports,2020 prices,Race,aialnative,American Indian or Alaska Native,labor,forgone_wages_l,forgone_wages,USD,-1404221.24130261
LC1,low exports,changing prices,Race,aialnative,American Indian or Alaska Native,labor,forgone_wages_h,forgone_wages,USD,-23192808.4542013
LC1,low exports,changing prices,Race,aialnative,American Indian or Alaska Native,labor,forgone_wages_l,forgone_wages,USD,-2031518.38492136
LC1,low exports,2020 prices,Race,asian,Asian,labor,forgone_wages_h,forgone_wages,USD,-1032045047.13347
LC1,low exports,2020 prices,Race,asian,Asian,labor,forgone_wages_l,forgone_wages,USD,-81336826.4647234
LC1,low exports,changing prices,Race,asian,Asian,labor,forgone_wages_h,forgone_wages,USD,-1355832945.14256
LC1,low exports,changing prices,Race,asian,Asian,labor,forgone_wages_l,forgone_wages,USD,-116821273.442865
LC1,low exports,2020 prices,Race,black,Black,labor,forgone_wages_h,forgone_wages,USD,-452606798.533035
LC1,low exports,2020 prices,Race,black,Black,labor,forgone_wages_l,forgone_wages,USD,-36187064.0509666
LC1,low exports,changing prices,Race,black,Black,labor,forgone_wages_h,forgone_wages,USD,-595941047.878386
LC1,low exports,changing prices,Race,black,Black,labor,forgone_wages_l,forgone_wages,USD,-52073387.6741446
LC1,low exports,2020 prices,Race,hawaiian_pacisl,Hawaiian or Other Pacific Islander,labor,forgone_wages_h,forgone_wages,USD,-29079847.4448867
LC1,low exports,2020 prices,Race,hawaiian_pacisl,Hawaiian or Other Pacific Islander,labor,forgone_wages_l,forgone_wages,USD,-2393864.99425165
LC1,low exports,changing prices,Race,hawaiian_pacisl,Hawaiian or Other Pacific Islander,labor,forgone_wages_h,forgone_wages,USD,-38291875.0530677
LC1,low exports,changing prices,Race,hawaiian_pacisl,Hawaiian or Other Pacific Islander,labor,forgone_wages_l,forgone_wages,USD,-3436982.15501032
LC1,low exports,2020 prices,Race,hispanic,Hispanic,labor,forgone_wages_h,forgone_wages,USD,-2316497731.50337
LC1,low exports,2020 prices,Race,hispanic,Hispanic,labor,forgone_wages_l,forgone_wages,USD,-174893111.958635
LC1,low exports,changing prices,Race,hispanic,Hispanic,labor,forgone_wages_h,forgone_wages,USD,-3040867507.34711
LC1,low exports,changing prices,Race,hispanic,Hispanic,labor,forgone_wages_l,forgone_wages,USD,-251766618.046706
LC1,low exports,2020 prices,Race,nonh_other,Other (Non-Hispanic),labor,forgone_wages_h,forgone_wages,USD,-32940628.501038
LC1,low exports,2020 prices,Race,nonh_other,Other (Non-Hispanic),labor,forgone_wages_l,forgone_wages,USD,-2622556.62906715
LC1,low exports,changing prices,Race,nonh_other,Other (Non-Hispanic),labor,forgone_wages_h,forgone_wages,USD,-43404979.2863976
LC1,low exports,changing prices,Race,nonh_other,Other (Non-Hispanic),labor,forgone_wages_l,forgone_wages,USD,-3778044.34141276
LC1,low exports,2020 prices,Race,nonh_two_or_more,Two or more races (Non-Hispanic),labor,forgone_wages_h,forgone_wages,USD,-222082373.065049
LC1,low exports,2020 prices,Race,nonh_two_or_more,Two or more races (Non-Hispanic),labor,forgone_wages_l,forgone_wages,USD,-18181333.97806
LC1,low exports,changing prices,Race,nonh_two_or_more,Two or more races (Non-Hispanic),labor,forgone_wages_h,forgone_wages,USD,-293295155.196344
LC1,low exports,changing prices,Race,nonh_two_or_more,Two or more races (Non-Hispanic),labor,forgone_wages_l,forgone_wages,USD,-26210229.8296543
LC1,low exports,2020 prices,Race,white,white,labor,forgone_wages_h,forgone_wages,USD,-2125143435.72891
LC1,low exports,2020 prices,Race,white,white,labor,forgone_wages_l,forgone_wages,USD,-170482797.193107
LC1,low exports,changing prices,Race,white,white,labor,forgone_wages_h,forgone_wages,USD,-2804167020.2872
LC1,low exports,changing prices,Race,white,white,labor,forgone_wages_l,forgone_wages,USD,-245906905.043108
BAU,historical exports,2020 prices,DAC,dac,DAC,labor,fte_job_years,job_loss,fte-jobs,-9392.52573268415
LC1,historical exports,2020 prices,DAC,dac,DAC,labor,fte_job_years,job_loss,fte-jobs,-18182.3020112745
BAU,historical production,2020 prices,DAC,dac,DAC,labor,fte_job_years,job_loss,fte-jobs,0
LC1,low exports,2020 prices,DAC,dac,DAC,labor,fte_job_years,job_loss,fte-jobs,-22254.6292841697
LC1,historical production,2020 prices,DAC,dac,DAC,labor,fte_job_years,job_loss,fte-jobs,-251.498773568346
BAU,low exports,2020 prices,DAC,dac,DAC,labor,fte_job_years,job_loss,fte-jobs,-13585.7178825581
BAU,historical exports,2020 prices,DAC,non_dac,Non-DAC,labor,fte_job_years,job_loss,fte-jobs,-20037.6869500856
LC1,low exports,2020 prices,DAC,non_dac,Non-DAC,labor,fte_job_years,job_loss,fte-jobs,-64919.8708817179
LC1,historical exports,2020 prices,DAC,non_dac,Non-DAC,labor,fte_job_years,job_loss,fte-jobs,-49577.8841773472
BAU,historical production,2020 prices,DAC,non_dac,Non-DAC,labor,fte_job_years,job_loss,fte-jobs,0
LC1,historical production,2020 prices,DAC,non_dac,Non-DAC,labor,fte_job_years,job_loss,fte-jobs,-709.812881424354
BAU,low exports,2020 prices,DAC,non_dac,Non-DAC,labor,fte_job_years,job_loss,fte-jobs,-35272.4811354843
BAU,historical production,2020 prices,Poverty,total_above_poverty,Above poverty line,labor,fte_job_years,job_loss,fte-jobs,0
LC1,historical exports,2020 prices,Poverty,total_above_poverty,Above poverty line,labor,fte_job_years,job_loss,fte-jobs,-58572.153899111
BAU,low exports,2020 prices,Poverty,total_above_poverty,Above poverty line,labor,fte_job_years,job_loss,fte-jobs,-42357.2708302979
LC1,low exports,2020 prices,Poverty,total_above_poverty,Above poverty line,labor,fte_job_years,job_loss,fte-jobs,-75444.862087305
LC1,historical production,2020 prices,Poverty,total_above_poverty,Above poverty line,labor,fte_job_years,job_loss,fte-jobs,-832.635263212258
BAU,historical exports,2020 prices,Poverty,total_above_poverty,Above poverty line,labor,fte_job_years,job_loss,fte-jobs,-25415.15495131
LC1,historical exports,2020 prices,Poverty,total_below_poverty,Below poverty line,labor,fte_job_years,job_loss,fte-jobs,-9188.03228951107
BAU,historical production,2020 prices,Poverty,total_below_poverty,Below poverty line,labor,fte_job_years,job_loss,fte-jobs,0
BAU,historical exports,2020 prices,Poverty,total_below_poverty,Below poverty line,labor,fte_job_years,job_loss,fte-jobs,-4015.05773145988
LC1,historical production,2020 prices,Poverty,total_below_poverty,Below poverty line,labor,fte_job_years,job_loss,fte-jobs,-128.676391781009
BAU,low exports,2020 prices,Poverty,total_below_poverty,Below poverty line,labor,fte_job_years,job_loss,fte-jobs,-6500.92818774381
LC1,low exports,2020 prices,Poverty,total_below_poverty,Below poverty line,labor,fte_job_years,job_loss,fte-jobs,-11729.638078583
LC1,historical production,2020 prices,Race,aialnative,American Indian or Alaska Native,labor,fte_job_years,job_loss,fte-jobs,-2.67520469780993
BAU,historical exports,2020 prices,Race,aialnative,American Indian or Alaska Native,labor,fte_job_years,job_loss,fte-jobs,-67.5755425596855
BAU,low exports,2020 prices,Race,aialnative,American Indian or Alaska Native,labor,fte_job_years,job_loss,fte-jobs,-126.939010057115
LC1,historical exports,2020 prices,Race,aialnative,American Indian or Alaska Native,labor,fte_job_years,job_loss,fte-jobs,-186.799219024082
LC1,low exports,2020 prices,Race,aialnative,American Indian or Alaska Native,labor,fte_job_years,job_loss,fte-jobs,-248.10490636475
BAU,historical production,2020 prices,Race,aialnative,American Indian or Alaska Native,labor,fte_job_years,job_loss,fte-jobs,0
BAU,historical exports,2020 prices,Race,asian,Asian,labor,fte_job_years,job_loss,fte-jobs,-5051.403501363
LC1,low exports,2020 prices,Race,asian,Asian,labor,fte_job_years,job_loss,fte-jobs,-14401.5647658247
LC1,historical exports,2020 prices,Race,asian,Asian,labor,fte_job_years,job_loss,fte-jobs,-11289.7614765312
LC1,historical production,2020 prices,Race,asian,Asian,labor,fte_job_years,job_loss,fte-jobs,-165.046595448999
BAU,historical production,2020 prices,Race,asian,Asian,labor,fte_job_years,job_loss,fte-jobs,0
BAU,low exports,2020 prices,Race,asian,Asian,labor,fte_job_years,job_loss,fte-jobs,-8282.62953225427
LC1,low exports,2020 prices,Race,black,Black,labor,fte_job_years,job_loss,fte-jobs,-6345.45789368938
LC1,historical exports,2020 prices,Race,black,Black,labor,fte_job_years,job_loss,fte-jobs,-4911.06196172927
BAU,historical production,2020 prices,Race,black,Black,labor,fte_job_years,job_loss,fte-jobs,0
LC1,historical production,2020 prices,Race,black,Black,labor,fte_job_years,job_loss,fte-jobs,-72.8830795287795
BAU,low exports,2020 prices,Race,black,Black,labor,fte_job_years,job_loss,fte-jobs,-3501.11174050168
BAU,historical exports,2020 prices,Race,black,Black,labor,fte_job_years,job_loss,fte-jobs,-2040.63198174943
LC1,historical exports,2020 prices,Race,hawaiian_pacisl,Hawaiian or Other Pacific Islander,labor,fte_job_years,job_loss,fte-jobs,-315.30485810443
BAU,historical production,2020 prices,Race,hawaiian_pacisl,Hawaiian or Other Pacific Islander,labor,fte_job_years,job_loss,fte-jobs,0
BAU,low exports,2020 prices,Race,hawaiian_pacisl,Hawaiian or Other Pacific Islander,labor,fte_job_years,job_loss,fte-jobs,-226.031764329939
LC1,historical production,2020 prices,Race,hawaiian_pacisl,Hawaiian or Other Pacific Islander,labor,fte_job_years,job_loss,fte-jobs,-4.29306125771723
LC1,low exports,2020 prices,Race,hawaiian_pacisl,Hawaiian or Other Pacific Islander,labor,fte_job_years,job_loss,fte-jobs,-407.747602853022
BAU,historical exports,2020 prices,Race,hawaiian_pacisl,Hawaiian or Other Pacific Islander,labor,fte_job_years,job_loss,fte-jobs,-128.479675773501
BAU,low exports,2020 prices,Race,hispanic,Hispanic,labor,fte_job_years,job_loss,fte-jobs,-18695.7907069708
LC1,historical production,2020 prices,Race,hispanic,Hispanic,labor,fte_job_years,job_loss,fte-jobs,-345.188405295659
LC1,historical exports,2020 prices,Race,hispanic,Hispanic,labor,fte_job_years,job_loss,fte-jobs,-25662.451720733
BAU,historical exports,2020 prices,Race,hispanic,Hispanic,labor,fte_job_years,job_loss,fte-jobs,-12014.9332873577
BAU,historical production,2020 prices,Race,hispanic,Hispanic,labor,fte_job_years,job_loss,fte-jobs,0
LC1,low exports,2020 prices,Race,hispanic,Hispanic,labor,fte_job_years,job_loss,fte-jobs,-32253.9698482331
LC1,historical exports,2020 prices,Race,nonh_other,Other (Non-Hispanic),labor,fte_job_years,job_loss,fte-jobs,-355.814253566618
BAU,historical exports,2020 prices,Race,nonh_other,Other (Non-Hispanic),labor,fte_job_years,job_loss,fte-jobs,-145.600857837115
LC1,historical production,2020 prices,Race,nonh_other,Other (Non-Hispanic),labor,fte_job_years,job_loss,fte-jobs,-5.37199783075266
LC1,low exports,2020 prices,Race,nonh_other,Other (Non-Hispanic),labor,fte_job_years,job_loss,fte-jobs,-462.478003078654
BAU,low exports,2020 prices,Race,nonh_other,Other (Non-Hispanic),labor,fte_job_years,job_loss,fte-jobs,-252.426352560345
BAU,historical production,2020 prices,Race,nonh_other,Other (Non-Hispanic),labor,fte_job_years,job_loss,fte-jobs,0
LC1,low exports,2020 prices,Race,nonh_two_or_more,Two or more races (Non-Hispanic),labor,fte_job_years,job_loss,fte-jobs,-3132.80172947211
LC1,historical exports,2020 prices,Race,nonh_two_or_more,Two or more races (Non-Hispanic),labor,fte_job_years,job_loss,fte-jobs,-2363.52949142828
BAU,historical exports,2020 prices,Race,nonh_two_or_more,Two or more races (Non-Hispanic),labor,fte_job_years,job_loss,fte-jobs,-901.972044858681
LC1,historical production,2020 prices,Race,nonh_two_or_more,Two or more races (Non-Hispanic),labor,fte_job_years,job_loss,fte-jobs,-34.5445363981398
BAU,historical production,2020 prices,Race,nonh_two_or_more,Two or more races (Non-Hispanic),labor,fte_job_years,job_loss,fte-jobs,0
BAU,low exports,2020 prices,Race,nonh_two_or_more,Two or more races (Non-Hispanic),labor,fte_job_years,job_loss,fte-jobs,-1659.3286745273
LC1,historical exports,2020 prices,Race,white,white,labor,fte_job_years,job_loss,fte-jobs,-22675.4632075053
BAU,historical production,2020 prices,Race,white,white,labor,fte_job_years,job_loss,fte-jobs,0
BAU,historical exports,2020 prices,Race,white,white,labor,fte_job_years,job_loss,fte-jobs,-9079.6157912706
BAU,low exports,2020 prices,Race,white,white,labor,fte_job_years,job_loss,fte-jobs,-16113.9412368403
LC1,low exports,2020 prices,Race,white,white,labor,fte_job_years,job_loss,fte-jobs,-29922.3754163723
LC1,historical production,2020 prices,Race,white,white,labor,fte_job_years,job_loss,fte-jobs,-331.308774535326
BAU,historical exports,changing prices,DAC,dac,DAC,labor,fte_job_years,job_loss,fte-jobs,-12238.5328667981
LC1,low exports,changing prices,DAC,dac,DAC,labor,fte_job_years,job_loss,fte-jobs,-29646.7561207696
LC1,historical production,changing prices,DAC,dac,DAC,labor,fte_job_years,job_loss,fte-jobs,-314.409451723011
LC1,historical exports,changing prices,DAC,dac,DAC,labor,fte_job_years,job_loss,fte-jobs,-24328.3478754636
BAU,historical production,changing prices,DAC,dac,DAC,labor,fte_job_years,job_loss,fte-jobs,0
BAU,low exports,changing prices,DAC,dac,DAC,labor,fte_job_years,job_loss,fte-jobs,-17744.5610638601
BAU,historical exports,changing prices,DAC,non_dac,Non-DAC,labor,fte_job_years,job_loss,fte-jobs,-26334.2445453441
LC1,low exports,changing prices,DAC,non_dac,Non-DAC,labor,fte_job_years,job_loss,fte-jobs,-87144.0643047408
LC1,historical exports,changing prices,DAC,non_dac,Non-DAC,labor,fte_job_years,job_loss,fte-jobs,-66958.7771417238
BAU,historical production,changing prices,DAC,non_dac,Non-DAC,labor,fte_job_years,job_loss,fte-jobs,0
BAU,low exports,changing prices,DAC,non_dac,Non-DAC,labor,fte_job_years,job_loss,fte-jobs,-46350.4182578074
LC1,historical production,changing prices,DAC,non_dac,Non-DAC,labor,fte_job_years,job_loss,fte-jobs,-870.116498771386
LC1,historical exports,changing prices,Poverty,total_above_poverty,Above poverty line,labor,fte_job_years,job_loss,fte-jobs,-78907.564486571
LC1,low exports,changing prices,Poverty,total_above_poverty,Above poverty line,labor,fte_job_years,job_loss,fte-jobs,-101075.467279065
BAU,historical production,changing prices,Poverty,total_above_poverty,Above poverty line,labor,fte_job_years,job_loss,fte-jobs,0
BAU,low exports,changing prices,Poverty,total_above_poverty,Above poverty line,labor,fte_job_years,job_loss,fte-jobs,-55572.7542806954
LC1,historical production,changing prices,Poverty,total_above_poverty,Above poverty line,labor,fte_job_years,job_loss,fte-jobs,-1025.74792237574
BAU,historical exports,changing prices,Poverty,total_above_poverty,Above poverty line,labor,fte_job_years,job_loss,fte-jobs,-33318.2012467763
LC1,historical exports,changing prices,Poverty,total_below_poverty,Below poverty line,labor,fte_job_years,job_loss,fte-jobs,-12379.5605306166
BAU,historical production,changing prices,Poverty,total_below_poverty,Below poverty line,labor,fte_job_years,job_loss,fte-jobs,0
BAU,low exports,changing prices,Poverty,total_below_poverty,Below poverty line,labor,fte_job_years,job_loss,fte-jobs,-8522.22504097218
LC1,low exports,changing prices,Poverty,total_below_poverty,Below poverty line,labor,fte_job_years,job_loss,fte-jobs,-15715.3531464459
LC1,historical production,changing prices,Poverty,total_below_poverty,Below poverty line,labor,fte_job_years,job_loss,fte-jobs,-158.77802811758
BAU,historical exports,changing prices,Poverty,total_below_poverty,Below poverty line,labor,fte_job_years,job_loss,fte-jobs,-5254.57616536661
BAU,low exports,changing prices,Race,aialnative,American Indian or Alaska Native,labor,fte_job_years,job_loss,fte-jobs,-167.095129275836
BAU,historical exports,changing prices,Race,aialnative,American Indian or Alaska Native,labor,fte_job_years,job_loss,fte-jobs,-89.0181177948342
LC1,historical exports,changing prices,Race,aialnative,American Indian or Alaska Native,labor,fte_job_years,job_loss,fte-jobs,-253.281662978617
BAU,historical production,changing prices,Race,aialnative,American Indian or Alaska Native,labor,fte_job_years,job_loss,fte-jobs,0
LC1,low exports,changing prices,Race,aialnative,American Indian or Alaska Native,labor,fte_job_years,job_loss,fte-jobs,-334.006822664027
LC1,historical production,changing prices,Race,aialnative,American Indian or Alaska Native,labor,fte_job_years,job_loss,fte-jobs,-3.25753630961776
BAU,historical exports,changing prices,Race,asian,Asian,labor,fte_job_years,job_loss,fte-jobs,-6618.71723985097
LC1,low exports,changing prices,Race,asian,Asian,labor,fte_job_years,job_loss,fte-jobs,-19266.0865802741
LC1,historical exports,changing prices,Race,asian,Asian,labor,fte_job_years,job_loss,fte-jobs,-15189.3335353952
BAU,historical production,changing prices,Race,asian,Asian,labor,fte_job_years,job_loss,fte-jobs,0
LC1,historical production,changing prices,Race,asian,Asian,labor,fte_job_years,job_loss,fte-jobs,-203.958146701174
BAU,low exports,changing prices,Race,asian,Asian,labor,fte_job_years,job_loss,fte-jobs,-10860.0385344515
BAU,historical production,changing prices,Race,black,Black,labor,fte_job_years,job_loss,fte-jobs,0
LC1,low exports,changing prices,Race,black,Black,labor,fte_job_years,job_loss,fte-jobs,-8505.91297280771
LC1,historical exports,changing prices,Race,black,Black,labor,fte_job_years,job_loss,fte-jobs,-6625.2041568903
BAU,low exports,changing prices,Race,black,Black,labor,fte_job_years,job_loss,fte-jobs,-4596.72339482981
LC1,historical production,changing prices,Race,black,Black,labor,fte_job_years,job_loss,fte-jobs,-89.5898592311059
BAU,historical exports,changing prices,Race,black,Black,labor,fte_job_years,job_loss,fte-jobs,-2679.59013114405
BAU,historical production,changing prices,Race,hawaiian_pacisl,Hawaiian or Other Pacific Islander,labor,fte_job_years,job_loss,fte-jobs,0
LC1,historical exports,changing prices,Race,hawaiian_pacisl,Hawaiian or Other Pacific Islander,labor,fte_job_years,job_loss,fte-jobs,-425.543654868
BAU,low exports,changing prices,Race,hawaiian_pacisl,Hawaiian or Other Pacific Islander,labor,fte_job_years,job_loss,fte-jobs,-297.040630421536
BAU,historical exports,changing prices,Race,hawaiian_pacisl,Hawaiian or Other Pacific Islander,labor,fte_job_years,job_loss,fte-jobs,-168.950315711018
LC1,historical production,changing prices,Race,hawaiian_pacisl,Hawaiian or Other Pacific Islander,labor,fte_job_years,job_loss,fte-jobs,-5.23644608227937
LC1,low exports,changing prices,Race,hawaiian_pacisl,Hawaiian or Other Pacific Islander,labor,fte_job_years,job_loss,fte-jobs,-546.608107710151
LC1,historical production,changing prices,Race,hispanic,Hispanic,labor,fte_job_years,job_loss,fte-jobs,-427.570544038506
BAU,historical production,changing prices,Race,hispanic,Hispanic,labor,fte_job_years,job_loss,fte-jobs,0
BAU,historical exports,changing prices,Race,hispanic,Hispanic,labor,fte_job_years,job_loss,fte-jobs,-15701.3658021356
BAU,low exports,changing prices,Race,hispanic,Hispanic,labor,fte_job_years,job_loss,fte-jobs,-24480.9025064408
LC1,historical exports,changing prices,Race,hispanic,Hispanic,labor,fte_job_years,job_loss,fte-jobs,-34481.012581905
LC1,low exports,changing prices,Race,hispanic,Hispanic,labor,fte_job_years,job_loss,fte-jobs,-43114.6975006804
BAU,historical exports,changing prices,Race,nonh_other,Other (Non-Hispanic),labor,fte_job_years,job_loss,fte-jobs,-191.12251004331
LC1,low exports,changing prices,Race,nonh_other,Other (Non-Hispanic),labor,fte_job_years,job_loss,fte-jobs,-620.363496956561
LC1,historical production,changing prices,Race,nonh_other,Other (Non-Hispanic),labor,fte_job_years,job_loss,fte-jobs,-6.60935444866959
LC1,historical exports,changing prices,Race,nonh_other,Other (Non-Hispanic),labor,fte_job_years,job_loss,fte-jobs,-480.25500854629
BAU,historical production,changing prices,Race,nonh_other,Other (Non-Hispanic),labor,fte_job_years,job_loss,fte-jobs,0
BAU,low exports,changing prices,Race,nonh_other,Other (Non-Hispanic),labor,fte_job_years,job_loss,fte-jobs,-331.53115209352
LC1,low exports,changing prices,Race,nonh_two_or_more,Two or more races (Non-Hispanic),labor,fte_job_years,job_loss,fte-jobs,-4211.10324926455
LC1,historical exports,changing prices,Race,nonh_two_or_more,Two or more races (Non-Hispanic),labor,fte_job_years,job_loss,fte-jobs,-3198.02099832381
BAU,historical exports,changing prices,Race,nonh_two_or_more,Two or more races (Non-Hispanic),labor,fte_job_years,job_loss,fte-jobs,-1188.16833056385
BAU,historical production,changing prices,Race,nonh_two_or_more,Two or more races (Non-Hispanic),labor,fte_job_years,job_loss,fte-jobs,0
LC1,historical production,changing prices,Race,nonh_two_or_more,Two or more races (Non-Hispanic),labor,fte_job_years,job_loss,fte-jobs,-42.1776974192562
BAU,low exports,changing prices,Race,nonh_two_or_more,Two or more races (Non-Hispanic),labor,fte_job_years,job_loss,fte-jobs,-2182.85850677759
LC1,historical exports,changing prices,Race,white,white,labor,fte_job_years,job_loss,fte-jobs,-30634.4734182805
BAU,historical exports,changing prices,Race,white,white,labor,fte_job_years,job_loss,fte-jobs,-11935.8449648994
LC1,historical production,changing prices,Race,white,white,labor,fte_job_years,job_loss,fte-jobs,-406.126366262732
LC1,low exports,changing prices,Race,white,white,labor,fte_job_years,job_loss,fte-jobs,-40192.0416951535
BAU,historical production,changing prices,Race,white,white,labor,fte_job_years,job_loss,fte-jobs,0
BAU,low exports,changing prices,Race,white,white,labor,fte_job_years,job_loss,fte-jobs,-21178.789467377
BAU,historical exports,,Race,aialnative,American Indian or Alaska Native,health,avoided_mortality,avoided_mortality,persons,-3.20761211855631
BAU,historical exports,,Race,asian,Asian,health,avoided_mortality,avoided_mortality,persons,-303.688065654184
BAU,historical exports,,Race,black,Black,health,avoided_mortality,avoided_mortality,persons,-161.917565044111
BAU,historical exports,,Race,hawaiian_pacisl,Hawaiian or Other Pacific Islander,health,avoided_mortality,avoided_mortality,persons,-6.32765801155071
BAU,historical exports,,Race,hispanic,Hispanic,health,avoided_mortality,avoided_mortality,persons,-771.991831936937
BAU,historical exports,,DAC,non_dac,Non-DAC,health,avoided_mortality,avoided_mortality,persons,-945.929104185896
BAU,historical exports,,Race,nonh_other,Other (Non-Hispanic),health,avoided_mortality,avoided_mortality,persons,-7.70727222074905
BAU,historical exports,,Race,nonh_two_or_more,Two or more races (Non-Hispanic),health,avoided_mortality,avoided_mortality,persons,-42.6005826279546
BAU,historical exports,,Poverty,total_above_poverty,Above poverty line,health,avoided_mortality,avoided_mortality,persons,-1431.09427935394
BAU,historical exports,,Poverty,total_below_poverty,Below poverty line,health,avoided_mortality,avoided_mortality,persons,-259.471659672269
BAU,historical exports,,Race,white,white,health,avoided_mortality,avoided_mortality,persons,-393.125351412145
BAU,historical production,,Race,aialnative,American Indian or Alaska Native,health,avoided_mortality,avoided_mortality,persons,0
BAU,historical production,,Race,asian,Asian,health,avoided_mortality,avoided_mortality,persons,0
BAU,historical production,,Race,black,Black,health,avoided_mortality,avoided_mortality,persons,0
BAU,historical production,,Race,hawaiian_pacisl,Hawaiian or Other Pacific Islander,health,avoided_mortality,avoided_mortality,persons,0
BAU,historical production,,Race,hispanic,Hispanic,health,avoided_mortality,avoided_mortality,persons,0
BAU,historical production,,DAC,non_dac,Non-DAC,health,avoided_mortality,avoided_mortality,persons,0
BAU,historical production,,Race,nonh_other,Other (Non-Hispanic),health,avoided_mortality,avoided_mortality,persons,0
BAU,historical production,,Race,nonh_two_or_more,Two or more races (Non-Hispanic),health,avoided_mortality,avoided_mortality,persons,0
BAU,historical production,,Poverty,total_above_poverty,Above poverty line,health,avoided_mortality,avoided_mortality,persons,0
BAU,historical production,,Poverty,total_below_poverty,Below poverty line,health,avoided_mortality,avoided_mortality,persons,0
BAU,historical production,,Race,white,white,health,avoided_mortality,avoided_mortality,persons,0
BAU,low exports,,Race,aialnative,American Indian or Alaska Native,health,avoided_mortality,avoided_mortality,persons,-5.27951537044138
BAU,low exports,,Race,asian,Asian,health,avoided_mortality,avoided_mortality,persons,-448.593087005612
BAU,low exports,,Race,black,Black,health,avoided_mortality,avoided_mortality,persons,-227.498234678684
BAU,low exports,,Race,hawaiian_pacisl,Hawaiian or Other Pacific Islander,health,avoided_mortality,avoided_mortality,persons,-9.94867902770334
BAU,low exports,,Race,hispanic,Hispanic,health,avoided_mortality,avoided_mortality,persons,-1085.50867551771
BAU,low exports,,DAC,non_dac,Non-DAC,health,avoided_mortality,avoided_mortality,persons,-1482.60902058737
BAU,low exports,,Race,nonh_other,Other (Non-Hispanic),health,avoided_mortality,avoided_mortality,persons,-11.844588191506
BAU,low exports,,Race,nonh_two_or_more,Two or more races (Non-Hispanic),health,avoided_mortality,avoided_mortality,persons,-68.4795555324634
BAU,low exports,,Poverty,total_above_poverty,Above poverty line,health,avoided_mortality,avoided_mortality,persons,-2120.59788266755
BAU,low exports,,Poverty,total_below_poverty,Below poverty line,health,avoided_mortality,avoided_mortality,persons,-374.256865773992
BAU,low exports,,Race,white,white,health,avoided_mortality,avoided_mortality,persons,-637.702413117456
LC1,historical exports,,Race,aialnative,American Indian or Alaska Native,health,avoided_mortality,avoided_mortality,persons,-7.2690790579783
LC1,historical exports,,Race,asian,Asian,health,avoided_mortality,avoided_mortality,persons,-590.867865466449
LC1,historical exports,,Race,black,Black,health,avoided_mortality,avoided_mortality,persons,-305.832562710853
LC1,historical exports,,Race,hawaiian_pacisl,Hawaiian or Other Pacific Islander,health,avoided_mortality,avoided_mortality,persons,-13.2293259417881
LC1,historical exports,,Race,hispanic,Hispanic,health,avoided_mortality,avoided_mortality,persons,-1440.00465696808
LC1,historical exports,,DAC,non_dac,Non-DAC,health,avoided_mortality,avoided_mortality,persons,-1981.08900624017
LC1,historical exports,,Race,nonh_other,Other (Non-Hispanic),health,avoided_mortality,avoided_mortality,persons,-15.964743208346
LC1,historical exports,,Race,nonh_two_or_more,Two or more races (Non-Hispanic),health,avoided_mortality,avoided_mortality,persons,-92.6753148487533
LC1,historical exports,,Poverty,total_above_poverty,Above poverty line,health,avoided_mortality,avoided_mortality,persons,-2821.68717083811
LC1,historical exports,,Poverty,total_below_poverty,Below poverty line,health,avoided_mortality,avoided_mortality,persons,-504.733904384131
LC1,historical exports,,Race,white,white,health,avoided_mortality,avoided_mortality,persons,-860.577527019953
LC1,historical production,,Race,aialnative,American Indian or Alaska Native,health,avoided_mortality,avoided_mortality,persons,0.0312376758527668
LC1,historical production,,Race,asian,Asian,health,avoided_mortality,avoided_mortality,persons,2.09828984669105
LC1,historical production,,Race,black,Black,health,avoided_mortality,avoided_mortality,persons,1.11763345915317
LC1,historical production,,Race,hawaiian_pacisl,Hawaiian or Other Pacific Islander,health,avoided_mortality,avoided_mortality,persons,0.0511164034804443
LC1,historical production,,Race,hispanic,Hispanic,health,avoided_mortality,avoided_mortality,persons,5.04737806081489
LC1,historical production,,DAC,non_dac,Non-DAC,health,avoided_mortality,avoided_mortality,persons,7.6107517005189
LC1,historical production,,Race,nonh_other,Other (Non-Hispanic),health,avoided_mortality,avoided_mortality,persons,0.0602153780591003
LC1,historical production,,Race,nonh_two_or_more,Two or more races (Non-Hispanic),health,avoided_mortality,avoided_mortality,persons,0.373173244047235
LC1,historical production,,Poverty,total_above_poverty,Above poverty line,health,avoided_mortality,avoided_mortality,persons,10.3272032231057
LC1,historical production,,Poverty,total_below_poverty,Below poverty line,health,avoided_mortality,avoided_mortality,persons,1.85507670518168
LC1,historical production,,Race,white,white,health,avoided_mortality,avoided_mortality,persons,3.40323586018892
LC1,low exports,,Race,aialnative,American Indian or Alaska Native,health,avoided_mortality,avoided_mortality,persons,-9.13564986071684
LC1,low exports,,Race,asian,Asian,health,avoided_mortality,avoided_mortality,persons,-712.036614998203
LC1,low exports,,Race,black,Black,health,avoided_mortality,avoided_mortality,persons,-394.355204520114
LC1,low exports,,Race,hawaiian_pacisl,Hawaiian or Other Pacific Islander,health,avoided_mortality,avoided_mortality,persons,-15.9554715862447
LC1,low exports,,Race,hispanic,Hispanic,health,avoided_mortality,avoided_mortality,persons,-1779.1939971211
LC1,low exports,,DAC,non_dac,Non-DAC,health,avoided_mortality,avoided_mortality,persons,-2439.98914953915
LC1,low exports,,Race,nonh_other,Other (Non-Hispanic),health,avoided_mortality,avoided_mortality,persons,-20.1072283845375
LC1,low exports,,Race,nonh_two_or_more,Two or more races (Non-Hispanic),health,avoided_mortality,avoided_mortality,persons,-116.431422147127
LC1,low exports,,Poverty,total_above_poverty,Above poverty line,health,avoided_mortality,avoided_mortality,persons,-3484.6665479546
LC1,low exports,,Poverty,total_below_poverty,Below poverty line,health,avoided_mortality,avoided_mortality,persons,-636.635235835657
LC1,low exports,,Race,white,white,health,avoided_mortality,avoided_mortality,persons,-1074.08619517217
BAU,historical exports,,DAC,dac,DAC,health,avoided_mortality,avoided_mortality,persons,-744.636834840305
BAU,historical production,,DAC,dac,DAC,health,avoided_mortality,avoided_mortality,persons,0
BAU,low exports,,DAC,dac,DAC,health,avoided_mortality,avoided_mortality,persons,-1012.24572785421
LC1,historical exports,,DAC,dac,DAC,health,avoided_mortality,avoided_mortality,persons,-1345.33206898204
LC1,historical production,,DAC,dac,DAC,health,avoided_mortality,avoided_mortality,persons,4.5715282277686
LC1,low exports,,DAC,dac,DAC,health,avoided_mortality,avoided_mortality,persons,-1681.31263425102
